/*Further details of this can be found in the "realistic data.xlsx" file*/

INSERT INTO rotaGroups (id, startdate, enddate, status)
VALUES
    (1, '2021-08-04', '2021-11-02', TRUE);

INSERT INTO accounts (id, username, email, phone, password, level, timeWorked, fixedWorking)
VALUES
    (1, 'First On 1', 'test1@test.com', '07777 777 771', 'ebf0e18c95cd93a40ced5e9419df6cd96e3a682e114426751133a0379cae7bc3631d02266b00e718', 1, 1, FALSE),
    (2, 'First On 2', 'test2@test.com', '07777 777 772', '01e1e61c5fff7bd4f53565ef09fd5e1664fba2daa2adac560f2bda6e9636dc53a93790346e419ffa', 0, 1, FALSE),
    (3, 'First On 3', 'test3@test.com', '07777 777 773', '5274c3bc7b862b2aed21f3ea17391f2cf1eee966aea5c56ce11179ad8e26385915e8d8e4da3ace44', 0, 1, FALSE),
    (4, 'First On 4', 'test4@test.com', '07777 777 774', '4b15237a1f486c595e053f7a07a8a24fd95b00aa032789c640734ae72ddec5bee08608a2ada90c5e', 0, 1, FALSE),
    (5, 'First On 5', 'test5@test.com', '07777 777 775', '45a4c9293e7c3967c3cd3fe59512f73a4c0b1648e3086629aa0932bc8cb9f34fb55148a20324589a', 0, 1, FALSE),
    (6, 'First On 6', 'test6@test.com', '07777 777 776', '1d5ea803692b5dec1cc62e55b4093163a664e6c386ed848070dadd6f16ec2d185a81a2a2abed780d', 0, 1, FALSE),
    (7, 'Obstetrics 1', 'test7@test.com', '07777 777 777', '0e4cdd8e6f058ec28cfdd64e67e93f2647fb1fe9cc7f820a9508dc706c7dcee3f79ba42e57e23fe6', 1, 1, FALSE),
    (8, 'Obstetrics 2', 'test8@test.com', '07777 777 778', 'a63df658ca83a023ee627c7c2d27720309baa2936b963a40d4e8a2f9c79f324760dd9ee34c056d9e', 0, 1, FALSE),
    (9, 'Obstetrics 3', 'test9@test.com', '07777 777 779', '19a6db18412c9f10806a5b0cf055c4e31eb0a1d81a476e701339b40fc0e0072c89601734bb5b1ab8', 0, 1, FALSE),
    (10, 'Obstetrics 4', 'test10@test.com', '07777 777710', '0b63bebd5fc38f4f6fd691fe915835d10e50dc8d9ec39f793b78863dc9f3e59a6d1515ff51a0bf7d', 0, 0.9, FALSE),
    (11, 'Obstetrics 5', 'test11@test.com', '07777 777711', 'dba8e6b8cf81bdd0d9c480f9a665e3d4b45817a4d84af02d0867f9b572578cf23c978a69df5444a5', 0, 0.8, FALSE),
    (12, 'Obstetrics 6', 'test12@test.com', '07777 777712', 'a301286f5b2f2b78920124d64fc797be76195903ed8d9ba328bdb111b11b6d9026736062faf0b132', 0, 0.8, FALSE),
    (13, 'Obstetrics 7', 'test13@test.com', '07777 777713', '10f7a3531a95b52df9589713f4ac8df0612a35e9795ac0b7e4293cc7176a95cda8a9304815ae91d1', 0, 0.8, FALSE),
    (14, 'Obstetrics 8', 'test14@test.com', '07777 777714', '46aade2f6ad9d31ea4806f25f167246deb5fa0401fddc3b0823646846cd2490f423b6a5c5dde2358', 0, 0.7, FALSE),
    (15, 'Obstetrics 9', 'test15@test.com', '07777 777715', 'b1ec3f495708e2f4b8fc3295f59ce5aca8ded13b162ec6ec7b18b5a13da7bbfa54cf1323596e310b', 0, 0.6, FALSE),
    (16, 'Obstetrics 10', 'test16@test.com', '07777 777716', 'ab02bb12459d70137e9dff675ea1fc2cb5b03eadb83771fe2b4ffcabba98f521984f9e9bdfdee080', 0, 0.6, FALSE),
    (17, 'Obstetrics 11', 'test17@test.com', '07777 777717', '740f7cfacd9b31ec721293b0f678a8a70a2ea2e4977f8ba666e1c51daa228c5f16ca4ef89be4b91f', 0, 0.6, FALSE),
    (18, 'Obstetrics 12', 'test18@test.com', '07777 777718', '16c7966d18a7d0094d8079a3084dd3e9e4b4a6c2d1e5f016c75463c6342ab6a8c1c4cbd379601227', 0, 0.5, FALSE),
    (19, 'Obstetrics 13', 'test19@test.com', '07777 777719', '45de674a2591b847051ea2688e4ba0c4205757b7df4114cdc20757d80849558ba393b18d2461f39a', 0, 0.4, FALSE),
    (20, 'Obstetrics 14', 'test20@test.com', '07777 777720', 'f3888a1b46c845acff57a899a57978b5429a72c794866c004ed1d4151d00482d7cfba9c183dcf163', 0, 0.3, FALSE),
    (21, 'Obstetrics 15', 'test21@test.com', '07777 777721', 'a293810fa414460f6157fc74dcbccfdde254c3efc68e480f45d85ebabf9580ef9fc73fe948cdc15d', 0, 0.2, FALSE),
    (22, 'Obstetrics 16', 'test22@test.com', '07777 777722', 'c2bc70c99607092016f90b19b05743a2cfc86384cbfd61049174a8391f6c554f5d8ecbc411da06ac', 0, 0.1, FALSE),
    (23, 'Second On 1', 'test23@test.com', '07777 777723', '86504b7b272daf1d479a24059fedfe80a02f6c44262799f89edeca1a33b4d20f94e2f7f8adcfdf90', 1, 1, TRUE),
    (24, 'Second On 2', 'test24@test.com', '07777 777724', 'a53983a7f1628bc24cd10e935a39887c0b8b86e1247f70ee09eb292d3d0b65d3a89a3abe30e974e5', 0, 1, TRUE),
    (25, 'Second On 3', 'test25@test.com', '07777 777725', '76f60290a93befddfaa184831df7ef62a37dcd1a89f3b382222cd261566a0c70059868748c3d341c', 0, 1, FALSE),
    (26, 'Second On 4', 'test26@test.com', '07777 777726', 'c1c83d3501d5a7d9f9757302d612e0e006c7d5c315f661e166e1e71c43be42a355aaace78497da8d', 0, 1, FALSE),
    (27, 'Second On 5', 'test27@test.com', '07777 777727', '62c6f612b9f077399b630009b450c926fa65717e096f9a3e841efd27df353c68468bddad2bb5e2b2', 0, 1, FALSE),
    (28, 'Second On 6', 'test28@test.com', '07777 777728', '69ebbb790e58582935fa4ab010037203ee3da57eaa0e4e53880852d0026479f13ba7d81aec7b6bf3', 0, 1, FALSE),
    (29, 'Second On 7', 'test29@test.com', '07777 777729', 'bacb32c38ae7a87118cd1ff9eb067120acc731890835e1478ee73d533f7fc6c2d0acfa7fed56409d', 0, 1, FALSE),
    (30, 'Second On 8', 'test30@test.com', '07777 777730', 'd235a31fc04feba71fb98ae64344f8b2aabd3399b765ec34163fa428cbd004d23f00b9c3700460bf', 0, 1, FALSE),
    (31, 'Second On 9', 'test31@test.com', '07777 777731', '8ea7f1af46dfdb8f83effcb265e057e9c0879c9a4ee328c17e125dc19e3bf5f4db935e78ac579d10', 0, 1, FALSE),
    (32, 'Third On 1', 'test32@test.com', '07777 777732', 'a4e7e26f7f63f8994cfe8c41425fdfcfaff2d05c49e15fe7f4640d875892a05620a2fc3a25a151e5', 1, 0.4, TRUE),
    (33, 'Third On 2', 'test33@test.com', '07777 777733', '4b3fea1a03b6aa06005f9330d6824d3de290dc1d6700856a91503c8750c4acfb854f22c1d6dc7cca', 0, 1, FALSE),
    (34, 'Third On 3', 'test34@test.com', '07777 777734', '32de38b8b930577e6c44577796bcebbf7d93861aef44d60eeeefcb030d344b3077fe3fa2754dd1aa', 0, 1, FALSE),
    (35, 'Third On 4', 'test35@test.com', '07777 777735', '537df5f3142474acccb063c26d5c9c5a4cedc5a7a4fbb3504dfb1dd5228917eef866c3e5965d9f54', 0, 1, FALSE),
    (36, 'Third On 5', 'test36@test.com', '07777 777736', '6651e995ead8e5eae2e0352153832445b34930b79e6bd22fd25f81ecfb07042f9f85ec6217c68c44', 0, 1, FALSE),
    (37, 'Third On 6', 'test37@test.com', '07777 777737', 'b4ada92f217a39181f6af5c4d69ec17ce14856a15a4d776e41e6c3e8e3e258162cb70916eb571a57', 0, 1, FALSE),
    (38, 'Third On 7', 'test38@test.com', '07777 777738', '82d59db1cdbade1ef68f75b671966be6417823c940b88fbff4478921354386179e000b28a45276ee', 0, 1, FALSE),
    (39, 'Third On 8', 'test39@test.com', '07777 777739', '4c0a0d6666bf42e29ad05047ab2bb3b6361e0a7991c010d4f283e3342d0ca1590d9cedad2c341e46', 0, 1, FALSE),
    (40, 'Third On 9', 'test40@test.com', '07777777740', 'a9b76e6bc1587792bde4617437ad86add2fa1748f7dba3bd097ba5b35d823934a442d7c37b6f9811', 0, 1, FALSE),
    (101, 'John Smith', 'test101@test.com', '+447777777101', 'ac3e4d739c0e5c92f38e3999e5ea3ea7c8df08a5590f171154c32259022811cdcb13f5bea6bef6e4', 1, 1, FALSE),
    (102, 'Jane Smith', 'test102@test.com', '+447777777102', 'a1b55606485e2e254d58d0e78a21b42c04d8ced9dfd7048585fb91070dfcd02ac4f3b6e5d41ef4e8', 0, 1, FALSE);

INSERT INTO partTimeDetails (accountId, monday, tuesday, wednesday, thursday, friday, saturday, sunday)
VALUES
    (11, FALSE, TRUE, TRUE, TRUE, TRUE, TRUE, TRUE),
    (12, TRUE, TRUE, TRUE, FALSE, TRUE, TRUE, TRUE),
    (15, TRUE, FALSE, TRUE, TRUE, FALSE, TRUE, TRUE),
    (32, TRUE, TRUE, FALSE, FALSE, TRUE, TRUE, TRUE);

INSERT INTO accountRotaTypes (accountId, rotaTypeId, startDate, endDate)
VALUES
    (1, 1, '2000-01-01', '2021-11-02'),
    (2, 1, '2021-08-04', '2050-12-31'),
    (3, 1, '2000-01-01', '2050-12-31'),
    (4, 1, '2021-08-04', '2021-11-02'),
    (5, 1, '2021-08-04', '2021-11-02'),
    (6, 1, '2021-08-04', '2021-11-02'),
    (7, 2, '2021-08-04', '2021-11-02'),
    (8, 2, '2021-08-04', '2021-09-28'),
    (9, 2, '2021-09-01', '2021-11-02'),
    (10, 2, '2021-08-04', '2021-11-02'),
    (11, 2, '2021-08-04', '2021-11-02'),
    (12, 2, '2021-08-04', '2021-11-02'),
    (13, 2, '2021-08-04', '2021-11-02'),
    (14, 2, '2021-08-04', '2021-11-02'),
    (15, 2, '2021-08-04', '2021-11-02'),
    (16, 2, '2021-08-04', '2021-11-02'),
    (17, 2, '2021-08-04', '2021-11-02'),
    (18, 2, '2021-08-04', '2021-11-02'),
    (19, 2, '2021-08-04', '2021-11-02'),
    (20, 2, '2021-08-04', '2021-11-02'),
    (21, 2, '2021-08-04', '2021-11-02'),
    (22, 2, '2021-08-04', '2021-11-02'),
    (23, 3, '2021-08-04', '2021-11-02'),
    (24, 3, '2021-08-04', '2021-11-02'),
    (25, 3, '2021-08-04', '2021-09-28'),
    (25, 2, '2021-09-29', '2021-11-02'),
    (26, 3, '2000-01-01', '2050-12-31'),
    (27, 3, '2000-01-01', '2050-12-31'),
    (28, 3, '2000-01-01', '2050-12-31'),
    (29, 3, '2000-01-01', '2050-12-31'),
    (30, 3, '2000-01-01', '2050-12-31'),
    (31, 3, '2000-01-01', '2050-12-31'),
    (32, 4, '2000-01-01', '2050-12-31'),
    (33, 4, '2000-01-01', '2050-12-31'),
    (34, 4, '2000-01-01', '2050-12-31'),
    (35, 4, '2000-01-01', '2050-12-31'),
    (36, 4, '2000-01-01', '2050-12-31'),
    (37, 4, '2000-01-01', '2050-12-31'),
    (38, 4, '2000-01-01', '2050-12-31'),
    (39, 4, '2000-01-01', '2050-12-31'),
    (40, 4, '2000-01-01', '2050-12-31');

INSERT INTO leaveRequests (id, accountid, date, type, length, note, status)
VALUES
    (1, 32, '2021-08-16', 0, 0, '', 1),
    (2, 32, '2021-08-17', 0, 0, '', 1),
    (3, 32, '2021-08-24', 0, 0, '', 1),
    (4, 32, '2021-08-27', 0, 0, '', 1),
    (5, 32, '2021-08-31', 0, 0, '', 1),
    (6, 33, '2021-08-28', 2, 0, '', 1),
    (7, 33, '2021-08-29', 2, 0, '', 1),
    (8, 33, '2021-09-03', 2, 0, 'Might not be possible', 2),
    (9, 33, '2021-09-04', 2, 0, '', 1),
    (10, 33, '2021-09-05', 2, 0, '', 1),
    (11, 33, '2021-09-16', 1, 0, '', 1),
    (12, 33, '2021-09-17', 1, 0, '', 1),
    (13, 33, '2021-09-18', 2, 0, '', 1),
    (14, 33, '2021-09-19', 2, 0, '', 1),
    (15, 33, '2021-09-25', 2, 0, '', 1),
    (16, 33, '2021-09-26', 2, 0, '', 1),
    (17, 34, '2021-08-27', 0, 2, '', 1),
    (18, 34, '2021-08-28', 2, 0, '', 1),
    (19, 34, '2021-08-29', 2, 0, '', 1),
    (20, 34, '2021-08-30', 2, 0, '', 1),
    (21, 34, '2021-09-22', 0, 0, '', 1),
    (22, 34, '2021-09-23', 0, 0, '', 1),
    (23, 34, '2021-09-24', 0, 0, '', 1),
    (24, 34, '2021-09-25', 2, 0, '', 1),
    (25, 34, '2021-09-26', 2, 0, '', 1),
    (26, 35, '2021-08-28', 2, 0, '', 1),
    (27, 35, '2021-08-29', 2, 0, '', 1),
    (28, 35, '2021-09-25', 2, 0, '', 1),
    (29, 35, '2021-09-26', 2, 0, '', 1),
    (30, 35, '2021-09-27', 0, 0, '', 1),
    (31, 35, '2021-09-28', 0, 0, '', 1),
    (32, 35, '2021-09-29', 0, 0, '', 1),
    (33, 35, '2021-09-30', 0, 0, '', 1),
    (34, 35, '2021-10-01', 0, 0, '', 1),
    (35, 35, '2021-10-02', 2, 0, '', 1),
    (36, 35, '2021-10-03', 2, 0, '', 1),
    (37, 35, '2021-10-14', 1, 0, '', 1),
    (38, 35, '2021-10-27', 0, 0, '', 1),
    (39, 35, '2021-10-28', 0, 0, '', 1),
    (40, 35, '2021-10-29', 0, 0, '', 1),
    (41, 35, '2021-10-30', 2, 0, '', 1),
    (42, 35, '2021-10-31', 2, 0, '', 1),
    (43, 36, '2021-08-21', 2, 0, '', 1),
    (44, 36, '2021-08-22', 2, 0, '', 1),
    (45, 36, '2021-09-25', 2, 0, '', 1),
    (46, 36, '2021-09-26', 2, 0, '', 1),
    (47, 36, '2021-10-02', 2, 0, '', 1),
    (48, 36, '2021-10-03', 2, 0, '', 1),
    (49, 36, '2021-10-04', 2, 0, '', 2),
    (50, 37, '2021-09-04', 2, 0, '', 1),
    (51, 37, '2021-09-05', 2, 0, '', 1),
    (52, 37, '2021-09-06', 2, 0, '', 2),
    (53, 37, '2021-09-10', 2, 0, '', 1),
    (54, 37, '2021-09-11', 2, 0, '', 1),
    (55, 37, '2021-09-12', 2, 0, '', 1),
    (56, 37, '2021-09-22', 2, 0, '', 1),
    (57, 38, '2021-08-13', 2, 0, '', 2),
    (58, 38, '2021-08-14', 2, 0, '', 1),
    (59, 38, '2021-08-15', 2, 0, '', 1),
    (60, 38, '2021-08-16', 0, 0, '', 1),
    (61, 38, '2021-08-17', 0, 0, '', 1),
    (62, 38, '2021-08-19', 0, 0, '', 1),
    (63, 38, '2021-08-20', 0, 0, '', 1),
    (64, 38, '2021-08-21', 2, 0, '', 1),
    (65, 38, '2021-08-22', 2, 0, '', 1),
    (66, 38, '2021-10-18', 2, 0, '', 1),
    (67, 38, '2021-10-23', 2, 0, '', 1),
    (68, 38, '2021-10-24', 2, 0, '', 1),
    (69, 40, '2021-08-14', 2, 0, '', 1),
    (70, 40, '2021-08-15', 2, 0, '', 1),
    (71, 40, '2021-08-16', 0, 0, '', 1),
    (72, 40, '2021-08-17', 0, 0, '', 1),
    (73, 40, '2021-08-19', 0, 0, '', 1),
    (74, 40, '2021-08-20', 0, 0, '', 1),
    (75, 40, '2021-08-21', 2, 0, '', 1),
    (76, 40, '2021-08-22', 2, 0, '', 1),
    (77, 40, '2021-10-16', 2, 0, '', 1),
    (78, 40, '2021-10-17', 2, 0, '', 1),
    (79, 40, '2021-10-18', 0, 0, '', 1),
    (80, 40, '2021-10-23', 2, 0, '', 1),
    (81, 40, '2021-10-24', 2, 0, '', 1),
    (82, 40, '2021-10-25', 0, 0, '', 1),
    (83, 40, '2021-10-26', 0, 0, '', 1),
    (1001, 102, '2022-09-03', 0, 0, '', 0),
    (1002, 102, '2022-09-04', 1, 0, '', 0),
    (1003, 102, '2022-09-05', 2, 1, '', 0),
    (1004, 102, '2022-09-06', 9, 2, '', 0),
    (1005, 101, '2022-09-07', 0, 0, '', 0);

INSERT INTO fixedRotaShifts (accountId, date, shiftType)
VALUES
    (23, '2021-09-06', 1),
    (23, '2021-09-07', 1),
    (23, '2021-09-08', 1),
    (23, '2021-09-11', 0),
    (23, '2021-09-12', 0),
    (23, '2021-09-13', 0),
    (23, '2021-09-18', 0),
    (23, '2021-09-19', 0),
    (23, '2021-09-20', 1),
    (23, '2021-09-21', 1),
    (23, '2021-09-22', 1),
    (23, '2021-09-25', 0),
    (23, '2021-09-26', 0),
    (23, '2021-09-27', 0),
    (23, '2021-10-02', 0),
    (23, '2021-10-03', 0),
    (23, '2021-10-04', 1),
    (23, '2021-10-05', 1),
    (23, '2021-10-06', 1),
    (23, '2021-10-09', 0),
    (23, '2021-10-10', 0),
    (23, '2021-10-11', 0),
    (23, '2021-10-16', 0),
    (23, '2021-10-17', 0),
    (23, '2021-10-18', 1),
    (23, '2021-10-19', 1),
    (23, '2021-10-20', 1),
    (23, '2021-10-23', 0),
    (23, '2021-10-24', 0),
    (23, '2021-10-25', 0),
    (23, '2021-10-30', 0),
    (23, '2021-10-31', 0),
    (23, '2021-11-01', 1),
    (23, '2021-11-02', 1),
    (23, '2021-11-03', 1),
    (23, '2021-11-06', 0),
    (23, '2021-11-07', 0),
    (23, '2021-11-08', 0),
    (23, '2021-11-13', 0),
    (23, '2021-11-14', 0),
    (23, '2021-11-15', 1),
    (23, '2021-11-16', 1),
    (23, '2021-11-17', 1),
    (23, '2021-11-20', 0),
    (23, '2021-11-21', 0),
    (23, '2021-11-22', 0),
    (23, '2021-11-27', 0),
    (23, '2021-11-28', 0),
    (23, '2021-11-29', 1),
    (23, '2021-11-30', 1),
    (23, '2021-12-01', 1),
    (24, '2021-09-04', 0),
    (24, '2021-09-05', 0),
    (24, '2021-09-09', 1),
    (24, '2021-09-10', 1),
    (24, '2021-09-11', 0),
    (24, '2021-09-12', 0),
    (24, '2021-09-16', 1),
    (24, '2021-09-17', 0),
    (24, '2021-09-18', 0),
    (24, '2021-09-23', 1),
    (24, '2021-09-24', 1),
    (24, '2021-09-25', 0),
    (24, '2021-09-26', 0),
    (24, '2021-09-30', 1),
    (24, '2021-10-01', 1),
    (24, '2021-10-02', 0),
    (24, '2021-10-03', 0),
    (24, '2021-10-07', 1),
    (24, '2021-10-08', 0),
    (24, '2021-10-09', 0),
    (24, '2021-10-14', 1),
    (24, '2021-10-15', 1),
    (24, '2021-10-16', 0),
    (24, '2021-10-17', 0),
    (24, '2021-10-21', 1),
    (24, '2021-10-22', 1),
    (24, '2021-10-23', 0),
    (24, '2021-10-24', 0),
    (24, '2021-10-28', 1),
    (24, '2021-10-29', 0),
    (24, '2021-10-30', 0),
    (24, '2021-11-04', 1),
    (24, '2021-11-05', 1),
    (24, '2021-11-06', 0),
    (24, '2021-11-07', 0),
    (24, '2021-11-11', 1),
    (24, '2021-11-12', 1),
    (24, '2021-11-13', 0),
    (24, '2021-11-14', 0),
    (24, '2021-11-18', 1),
    (24, '2021-11-19', 0),
    (24, '2021-11-20', 0),
    (24, '2021-11-25', 1),
    (24, '2021-11-26', 1),
    (24, '2021-11-27', 0),
    (24, '2021-11-28', 0),
    (24, '2021-12-02', 1),
    (24, '2021-12-03', 1),
    (32, '2021-08-09', 0),
    (32, '2021-08-13', 0),
    (32, '2021-08-20', 2),
    (32, '2021-08-21', 2),
    (32, '2021-08-22', 2),
    (32, '2021-09-06', 0),
    (32, '2021-09-10', 0),
    (32, '2021-09-14', 0),
    (32, '2021-09-17', 2),
    (32, '2021-09-18', 2),
    (32, '2021-09-19', 2),
    (32, '2021-09-24', 0),
    (32, '2021-09-28', 0),
    (32, '2021-10-04', 0),
    (32, '2021-10-08', 0),
    (32, '2021-10-12', 0),
    (32, '2021-10-15', 2),
    (32, '2021-10-16', 2),
    (32, '2021-10-17', 2),
    (32, '2021-10-22', 0),
    (32, '2021-10-26', 0),
    (32, '2021-11-01', 0);

INSERT INTO shifts (accountId, rotaGroupId, rotaTypeId, date, type, ruleNotes)
VALUES
    (1, 1, 1, '2022-07-29', 0, 'Rule broken details'),
    (1, 1, 2, '2022-08-01', 1, ''),
    (2, 1, 3, '2022-08-01', 2, ''),
    (3, 1, 4, '2022-08-01', 3, ''),
    (4, 1, 1, '2022-08-01', 0, ''),
    (5, 1, 2, '2022-08-01', 1, ''),
    (102, 1, 1, '2022-08-01', 2, ''),
    (102, 1, 1, '2022-08-02', 3, ''),
    (102, 1, 1, '2022-08-03', 0, ''),
    (102, 1, 1, '2022-08-04', 1, ''),
    (102, 1, 1, '2022-08-05', 2, ''),
    (102, 1, 2, '2022-08-06', 3, ''),
    (102, 1, 2, '2022-08-07', 0, ''),
    (102, 1, 2, '2022-08-08', 1, ''),
    (102, 1, 2, '2022-08-09', 2, ''),
    (101, 1, 4, '2022-08-01', 0, ''),
    (101, 1, 4, '2022-08-02', 0, ''),
    (101, 1, 4, '2022-08-03', 2, ''),
    (101, 1, 4, '2022-08-04', 0, ''),
    (101, 1, 4, '2022-08-05', 1, '');

INSERT INTO notifications (type, detailid)
VALUES
    (0, 1),
    (0, 2),
    (0, 3),
    (0, 4),
    (0, 5),
    (0, 6),
    (0, 7),
    (0, 8),
    (0, 9),
    (0, 10),
    (0, 11),
    (0, 12),
    (0, 13),
    (0, 14),
    (0, 15),
    (0, 16),
    (0, 17),
    (0, 18),
    (0, 19),
    (0, 20),
    (0, 21),
    (0, 22),
    (0, 23),
    (0, 24),
    (0, 25),
    (0, 26),
    (0, 27),
    (0, 28),
    (0, 29),
    (0, 30),
    (0, 31),
    (0, 32),
    (0, 33),
    (0, 34),
    (0, 35),
    (0, 36),
    (0, 37),
    (0, 38),
    (0, 39),
    (0, 40),
    (0, 41),
    (0, 42),
    (0, 43),
    (0, 44),
    (0, 45),
    (0, 46),
    (0, 47),
    (0, 48),
    (0, 49),
    (0, 50),
    (0, 51),
    (0, 52),
    (0, 53),
    (0, 54),
    (0, 55),
    (0, 56),
    (0, 57),
    (0, 58),
    (0, 59),
    (0, 60),
    (0, 61),
    (0, 62),
    (0, 63),
    (0, 64),
    (0, 65),
    (0, 66),
    (0, 67),
    (0, 68),
    (0, 69),
    (0, 70),
    (0, 71),
    (0, 72),
    (0, 73),
    (0, 74),
    (0, 75),
    (0, 76),
    (0, 77),
    (0, 78),
    (0, 79),
    (0, 80),
    (0, 81),
    (0, 82),
    (0, 83),
    (0, 1001),
    (0, 1002),
    (0, 1003),
    (0, 1004),
    (0, 1005);

INSERT INTO tokens (accountid, token)
VALUES
    (1, 'wBPR1Zkwga8ks4Z92Vun'),
    (2, 'dAigJgpClGEu1GAsrQly'),
    (3, 'b9MpReiaBKJA5uP2kdOP'),
    (4, 'ql9Fgl47EId4SbKE5d5T'),
    (5, 'AiChWwhbB8WmLgkKH9Dp'),
    (6, 'DU4J2oIor9sNVVx4txbL'),
    (7, 'fk2iLhyd2d4OuxUqgL4S'),
    (8, 'yb2wzpnOxYSXIRIQ091i'),
    (9, 'VMcux2X8O7A52SGJApQB'),
    (10, 'NwaRwUepDX6OZknvTgBg'),
    (11, 'eEPVeEuJTnthQVDPD8Il'),
    (12, 'fK8l8rd2d5JGRSJHDd41'),
    (13, 'RDQfb3DYq3GqrQ4yryEI'),
    (14, 'FHIhkZt4JuqZbrtQkSKu'),
    (15, 'jU7e5cEqMH2aacFPM6OH'),
    (16, '9UjhkYrLNRj235QkKRSa'),
    (17, 'sVtYN7lD4M0M0nLwU7aj'),
    (18, 'WPUREKxSFE3aIo8zLS4x'),
    (19, 'RDcva64W50F4V7T1VlOl'),
    (20, 'EbOpxVL6nyqImyORaR23'),
    (21, 'FfLJorvFlhioyBXbIL6L'),
    (22, '0cx5xfTaerwfAoJlDaZv'),
    (23, 'F4KURymQQ8WmPufRgD7O'),
    (24, 'ByFjcKB4HgsImG9u6BpB'),
    (25, 'nIA7PYpxhPCDnadfZDc5'),
    (26, '0O7GjiemaltM4ljJJlhE'),
    (27, 'JDtbrwQ3PlXHUx8R2if9'),
    (28, '2WfMzifhrlfCIX51gABe'),
    (29, 'VqcZiVAgP77wgVCEYk4p'),
    (30, 'GCt1snskViJcT2w9nfNa'),
    (31, '2aRy4iB7HG6VFGvo3A9M'),
    (32, 'OrNXk164w1a3ctsVnSuo'),
    (33, 'm4hXkvFNX1RAYiLzgmxx'),
    (34, 'aFnv8mAva9wpOcegndOq'),
    (35, 'Xd24UclbY6dGnpwHiYFK'),
    (36, 'CzmkPYZkXCUzqFKMyqZO'),
    (37, 'KLCAD5xzZOqTumibUEJE'),
    (38, '5k8MDx6fIdOZiAlTQRCt'),
    (39, 'cXbKP1pfZJxcrIZVlbTU'),
    (40, 'kxQ0AzWmrGGkim91VPt6'),
    (101, '2nLkjE6opbU2XqMZOIQL'),
    (102, 'OZGqnaFlsDNWlqPNB0Qm');

INSERT INTO accountLeaveRequestRelationships (accountid, leaverequestid, status)
VALUES
    (1, 2, 1);
